BUS_opt,EBUS
52.51822222222223,56.315444444444445
69.30524444444444,77.41225555555556
188.81299111111113,136.03286555555556
