BUS_opt,EBUS
46.90800000000001,50.936
52.8951,57.35250000000001
76.81705000000001,69.13051000000002
