ALIAS_TABLE,BUS_opt,EBUS
0.9781818181818183,12.053000000000003,23.765
1.0340000000000003,13.7951,21.6741
1.3431400000000002,15.11661,25.41759
