BUS_opt,EBUS,FOREST_OF_TREES,PROPOSAL_ARRAY
49.867,56.098000000000006,95.997,79.870000
57.44130000000001,54.93445000000001,112.8486,64.703600
80.83407000000001,73.00764500000001,104.78972,76.382950
