BUS_jl,EBUS,FOREST_OF_TREES,PROPOSAL_ARRAY,BUS
51.15400000000001,57.791,93.598,77.959500,271.439500
56.3301,57.120500000000014,111.8422,65.521200,331.432500
80.1931,72.54165,97.44375,71.028735,416.436750
200.99011300000004,212.024763,239.582421,274.706454,545.744651
339.36140960000006,304.44282260000006,363.612488,219.571709,734.507906
