BUS_opt,EBUS
51.71466666666667,57.089222222222226
66.02391111111112,74.64756666666668
187.1985811111111,121.36784222222222
