BUS_opt,EBUS,FOREST_OF_TREES,PROPOSAL_ARRAY
47.80100000000001,50.476,96.9124,108.720800
53.00200000000001,54.1731,119.26174,109.924760
76.87302000000001,69.24049000000001,106.837814,155.290074
