BUS_opt,EBUS
53.269,62.745777777777775
64.88431111111112,67.74334444444445
88.06673666666667,127.16967444444444
253.66644533333337,275.2163537777778
328.348303,322.52010133333334
