BUS_jl,EBUS,PROPOSAL_ARRAY
57.400888888888886,84.18555555555555,84.842333
67.56542777777778,69.76443333333334,91.428489
90.80986666666666,141.93899666666667,135.221774
222.0332167777778,229.78327066666665,214.935888
252.90025623333335,257.9756667111111,340.449297
