BUS_jl,EBUS,FOREST_OF_TREES,PROPOSAL_ARRAY
49.974000000000004,53.961,94.727,78.226000
59.5733,58.1536,117.3136,64.385750
77.82997,68.92713,101.38516,72.230960
