BUS_opt,EBUS,FOREST_OF_TREES,PROPOSAL_ARRAY
50.25500000000001,55.64500000000001,94.524,77.847000
56.3817,54.6694,111.3207,64.574250
79.73388,71.67037,102.33249,73.750705
