BUS_jl,EBUS,PROPOSAL_ARRAY,BUS
54.212,61.851888888888894,85.476833,327.467333
67.48437222222222,70.33747777777778,92.308656,411.063828
92.78753777777777,123.1826311111111,144.399048,509.431407
252.74387922222226,275.8744070555556,245.747514,698.615468
314.3813499666667,324.0567656222222,395.935779,794.904387
