BUS_jl,EBUS,PROPOSAL_ARRAY,BUS
54.974111111111114,82.44333333333334,84.536333,331.406889
67.70678333333335,70.31961111111112,90.508028,416.505967
89.97653611111112,114.43801333333333,143.624416,531.380838
257.92639977777776,277.7647807777778,245.093903,706.924230
312.5790138666667,320.2629287111111,422.150392,819.865988
