BUS_jl,EBUS,PROPOSAL_ARRAY
54.936,62.519000000000005,82.524167
68.52837777777778,80.8827888888889,92.506172
175.99678333333335,115.01700111111111,147.188595
