BUS_opt,EBUS,FOREST_OF_TREES
46.418,50.886,97.6356
55.3621,56.2848,119.45704
80.76842,72.78501000000001,99.201818
196.91134100000002,171.91034600000003,253.352418
340.1819299,304.02987670000005,364.64850606
