BUS_opt,EBUS,PROPOSAL_ARRAY
52.60455555555556,56.66355555555556,140.644978
68.45305555555557,74.20601111111112,160.259796
194.03636333333336,140.85193,242.670538
