BUS_opt,EBUS,PROPOSAL_ARRAY
56.80577777777778,63.48977777777778,85.817167
76.2021,95.54215555555555,105.454128
181.3921366666667,125.13750888888889,167.653555
