BUS_jl,EBUS,FOREST_OF_TREES,PROPOSAL_ARRAY
48.51,54.602,94.3,79.462500
56.23205,55.5292,111.5398,64.420300
76.82992000000002,69.17007,101.23082,71.158935
