BUS_jl,EBUS,FOREST_OF_TREES,PROPOSAL_ARRAY
49.282,60.163000000000004,92.853,77.089500
55.32520000000001,54.5854,114.9209,64.004950
80.92329000000001,69.67951,93.80368,71.444620
177.940717,159.706318,231.695244,258.445057
297.9523371,267.4032601,330.7798207,193.145653
