BUS_jl,EBUS,PROPOSAL_ARRAY
54.51466666666667,64.30061111111111,85.650333
67.77910000000001,82.2048,91.867117
174.08730222222223,117.06906888888889,144.254829
