BUS_opt,EBUS,PROPOSAL_ARRAY
54.55433333333334,62.81266666666667,85.169500
71.5887888888889,90.4612277777778,94.789700
171.73256111111112,124.1367188888889,150.394500
