ALIAS_TABLE,BUS_jl,EBUS,FOREST_OF_TREES,PROPOSAL_ARRAY,BUS
1.1061818181818184,13.836000000000002,19.096,54.041,20.619000,24.731500
1.1025500000000001,14.4412,12.4906,60.9691,19.867400,24.440000
1.5253800000000002,15.122310000000002,12.6756,49.8999,22.291075,27.003470
5.196962500000001,19.807429,23.458707000000004,75.081312,37.666026,31.011082
10.6587359,43.9994526,48.89874340000001,191.3437995,71.882346,91.038737
