ALIAS_TABLE,BUS_jl,EBUS,FOREST_OF_TREES,PROPOSAL_ARRAY
1.0206250000000001,14.432,21.961000000000002,55.504,20.523500
1.0951,14.367,12.52895,61.581,19.806600
1.57285,15.379730000000002,13.022365000000002,49.78807,22.199415
4.9958395,20.736941,25.730351000000002,71.439213,35.233565
10.7350547,39.0469099,42.653241900000005,173.537043,61.214610
