ALIAS_TABLE,BUS_jl,EBUS,FOREST_OF_TREES,PROPOSAL_ARRAY,BUS
1.0106666666666668,14.221000000000002,21.629000000000005,55.628,20.443000,24.818500
1.0814500000000002,16.4871,12.4287,61.7335,20.484400,25.025850
1.558455,15.17967,12.82797,50.07591,22.225260,26.856115
5.8883195,23.612706,28.0864915,78.655419,37.144160,30.629694
18.225426,43.9329513,48.4176727,190.2261653,71.787223,93.014480
