ALIAS_TABLE,BUS_opt,EBUS,FOREST_OF_TREES,PROPOSAL_ARRAY
1.0460000000000003,14.0715,27.743000000000002,55.074,20.904000
1.3255000000000001,14.6257,22.8482,61.8345,19.952250
1.58319,15.59421,26.202580000000005,51.40862,22.438910
