ALIAS_TABLE,BUS_jl,EBUS,FOREST_OF_TREES,PROPOSAL_ARRAY
1.0019090909090909,14.171500000000002,223.63800000000003,54.501,20.503500
1.2884,14.3288,12.179700000000002,61.9812,19.850600
1.5245500000000003,15.011240000000003,12.77055,50.32188,22.465105
