ALIAS_TABLE,BUS_opt,EBUS,FOREST_OF_TREES,PROPOSAL_ARRAY
0.9836363636363639,12.563000000000002,23.615,54.183,21.376600
1.0701000000000003,13.672100000000002,21.4598,62.72828,21.014600
1.37031,15.02752,25.26903,53.610694,26.061638
