ALIAS_TABLE,BUS_opt,EBUS,FOREST_OF_TREES,PROPOSAL_ARRAY
1.0508,14.385,28.700000000000003,54.18,20.566000
1.3313000000000001,14.6931,22.4261,61.0672,20.243350
1.591675,16.01165,26.781160000000003,50.53693,23.010570
