ALIAS_TABLE,BUS_opt,EBUS,FOREST_OF_TREES
0.9790909090909091,12.663,23.454000000000004,55.1416
0.9788,13.765900000000002,21.0847,63.29482
1.3570500000000003,14.88006,25.140450000000005,53.588458
4.883439000000001,22.706952000000005,46.071360000000006,77.3288824
10.067368800000002,44.0186563,104.45093480000001,195.13575422
