ALIAS_TABLE,BUS_opt,EBUS
0.9727272727272728,12.5735,23.594
1.0901000000000003,13.8663,21.665
1.46918,15.31489,25.21424
